{"train/loss": 1.6774, "train/grad_norm": 0.0, "train/learning_rate": 0.0001, "train/epoch": 3.710144927536232, "train/global_step": 8, "_timestamp": 1725606595.0288932, "_runtime": 1830.6539962291718, "_step": 1}