{"train/loss": 0.0, "train/grad_norm": 0.0, "train/learning_rate": 0.0001, "train/epoch": 9.27536231884058, "train/global_step": 20, "_timestamp": 1725609705.2350001, "_runtime": 2228.551446199417, "_step": 5, "train_runtime": 2228.967, "train_samples_per_second": 1.225, "train_steps_per_second": 0.009, "total_flos": 156581144559616.0, "train_loss": 0.0, "_wandb": {"runtime": 2217}}