{"train/loss": 0.0004, "train/grad_norm": 0.012223499827086926, "train/learning_rate": 2.5e-05, "train/epoch": 35.16483516483517, "train/global_step": 300, "_timestamp": 1725771379.071687, "_runtime": 50111.30312395096, "_step": 77, "eval/loss": 0.15845172107219696, "eval/runtime": 153.5955, "eval/samples_per_second": 0.378, "eval/steps_per_second": 0.378, "_wandb": {"runtime": 50594}}