{"train/loss": 1.1209, "train/grad_norm": 1.3161758184432983, "train/learning_rate": 0.0, "train/epoch": 9.27536231884058, "train/global_step": 20, "_timestamp": 1725710726.9918287, "_runtime": 4529.393149614334, "_step": 5, "train_runtime": 4535.0619, "train_samples_per_second": 0.602, "train_steps_per_second": 0.004, "total_flos": 161232426369024.0, "train_loss": 1.3278314590454101, "_wandb": {"runtime": 4518}}